{
  "author": "0x72",
  "url": "itch.io/0x72",
  "version": 2,
  "w": 16,
  "h": 24,
  "outlineColor": "#302c2e",

  "fromColors": {
    "outline": [255, 255, 0],
    "eyes": [255, 0, 0],
    "skin": [0, 255, 0],
    "skin2": [0, 136, 0],
    "hair": [0, 255, 255],
    "hair2": [0, 136, 136],
    "item": [255, 0, 255],
    "item2": [136, 0, 136],
    "suit": [0, 0, 255],
    "suit2": [0, 0, 136]
  },

  "pals": {
    "eyes": [ "#ffffff", "#6df7c1", "#11adc1", "#606c81", "#1e8875", "#5bb361", "#a1e55a", "#f7e476", "#f99252", "#cb4d68", "#6a3771", "#c92464", "#f48cb6", "#f7b69e", "#9b9c82" ],
    "body": [ "#ffffff", "#6df7c1", "#11adc1", "#606c81", "#1e8875", "#5bb361", "#a1e55a", "#f7e476", "#f99252", "#cb4d68", "#6a3771", "#c92464", "#f48cb6", "#f7b69e", "#9b9c82" ],
    "item": [ "#ffffff", "#6df7c1", "#11adc1", "#606c81", "#1e8875", "#5bb361", "#a1e55a", "#f7e476", "#f99252", "#cb4d68", "#6a3771", "#c92464", "#f48cb6", "#f7b69e", "#9b9c82" ],
    "suit": [ "#ffffff", "#6df7c1", "#11adc1", "#606c81", "#1e8875", "#5bb361", "#a1e55a", "#f7e476", "#f99252", "#cb4d68", "#6a3771", "#c92464", "#f48cb6", "#f7b69e", "#9b9c82" ],
    "hair": [ "#ffffff", "#6df7c1", "#11adc1", "#606c81", "#1e8875", "#5bb361", "#a1e55a", "#f7e476", "#f99252", "#cb4d68", "#6a3771", "#c92464", "#f48cb6", "#f7b69e", "#9b9c82" ]
  },

  "suitShadowMod": 0.5,
  "itemShadowMod": 0.5,
  "bodyShadowMod": 0.5,
  "hairShadowMod": 0.5,
  "parts": {
    "head": {
      "no": [0],
      "run": [-1, -2, 0, 1],
      "idle": [0, 1, 2, 1]
    },
    "face": {
      "no": [0],
      "run": [-1, -2, 0, 1],
      "idle": [0, 1, 2, 1]
    }
  }
}

